name,formula,inputs,unit,stage,created_in,notes
Return,ReturnIndex_t / ReturnIndex_t-1 - 1,ReturnIndex (RI),decimal,daily price panel,scripts/22_filter_prices_us.py; scripts/22_filter_prices_eu.py,EU: local currency; used by the return-based filters
Return_EUR,ReturnIndex_EUR_t / ReturnIndex_EUR_t-1 - 1,ReturnIndex_EUR (RI~E),decimal,daily price panel,scripts/22_filter_prices_eu.py,EU only; same row removals and delisting return as Return
BidAsk_Spread,EDGE estimator (Ardia et al.) over 21 trading days; clipped to [0; 0.25],Open; High; Low; Close,decimal,daily price panel,scripts/22_filter_prices_us.py; scripts/22_filter_prices_eu.py (bidask.edge_rolling),missing where OHLC is missing
IsFilled,True if one of the forward-filled price columns was missing on that day,Open; High; Low; Close; ReturnIndex; AdjFactor; UnadjClose,flag,daily price panel,DSPreprocess.handle_missings (src/datastream/preprocessing/filter.py),
DelistingReturnApplied,True on the last observation of a delisted stock where the delisting return was compounded in,Return; ReturnIndex; DelistingDate,flag,daily price panel,DSPreprocess.adjust_for_delisting (src/datastream/preprocessing/filter.py),delisting return -0.35 (own addition; not L&S)
size_group,quintile of month-end market cap (1 = smallest),MarketCAP (US: NYSE breakpoints); MarketCAP_EUR (EU: all European stocks),1-5,monthly universe,size_groups (src/datastream/firm_evaluation.py); scripts/40_build_monthly_universe.py,
size_group_country,quintile of month-end MarketCAP_EUR within the country,MarketCAP_EUR; Country,1-5,monthly universe,scripts/40_build_monthly_universe.py (eur_size_groups),EU only
ret,ReturnIndex at month end t / at month end t-1 - 1 (consecutive months only),ReturnIndex,decimal,baseline panel,add_returns (src/datastream/panel_builder.py),contains the delisting return; EU: local currency
ret_eur,ReturnIndex_EUR at month end t / at month end t-1 - 1 (consecutive months only),ReturnIndex_EUR,decimal,baseline panel,add_returns (src/datastream/panel_builder.py),EU only
retx,Close at month end t / at month end t-1 - 1 (consecutive months only),Close (P),decimal,baseline panel,add_returns (src/datastream/panel_builder.py),price return without dividends
bm,common equity / market value of equity,WC03501 (thousands); MarketCAP x 1000 (millions); EU euro countries: MarketCAP_EUR x 1000,ratio,baseline panel,add_derived (src/datastream/panel_builder.py),point in time (availability lag); multi-class firms: too high (equity of the firm / value of one class) - per-share version with WC05301 planned
ep,net income / market value of equity,WC01751; same market value as bm,ratio,baseline panel,add_derived (src/datastream/panel_builder.py),same caveats as bm; replaces Datastream PE (ep = 1/PE but point in time and defined for losses)
dy_12m,sum of the last 12 monthly dividend returns (ret - retx; clipped at 0),ret; retx,decimal,baseline panel,add_derived (src/datastream/panel_builder.py),requires 12 consecutive monthly returns; replaces Datastream DY
<var>_prev,value of the latest earlier report at least 9 months older (normally the previous fiscal year),WC02999; WC01751; WC03501; WC01001,as <var>,baseline panel,add_previous (src/datastream/panel_builder.py),readable name + _prev (e.g. total_assets_prev); available together with the current report
fund_report_month,month in which the current Worldscope snapshot appeared (any item changed),Worldscope items,month end,baseline panel,report_snapshots / attach_point_in_time (src/datastream/panel_builder.py),
fund_available_month,first month in which the snapshot is used,fund_report_month; lag (rolling) or June rule (ff),month end,baseline panel,availability (src/datastream/panel_builder.py),
fund_age_months,months between the current month and fund_report_month,Date; fund_report_month,months,baseline panel,attach_point_in_time (src/datastream/panel_builder.py),snapshots older than max_age_months (18 rolling / 24 ff) are not used
fund_prev_report_month,report month of the snapshot used for <var>_prev,fund_report_month,month end,baseline panel,add_previous (src/datastream/panel_builder.py),
