country,exchange_pattern,note
Austria,^Vienna,
Belgium,Brussels,
Bulgaria,Sofia|Bulgaria,
Croatia,Zagreb,
Cyprus,Cyprus,
Czech Republic,Prague|RM-System,
Denmark,Copenhagen,
Estonia,Tallinn,
Finland,Helsinki,
France,Paris,
Germany,Xetra|Deutsche Boerse|Frankfurt|Berlin|Stuttgart|Munich|Duesseldorf|Hamburg|Hanover|Hannover|Bremen|Tradegate,all German venues; duplicates resolved by MAJOR/primary-quote filter
Greece,Athens,
Hungary,Budapest,
Ireland,Dublin|Irish,
Italy,Milan|Italian|Borsa Italiana,
Latvia,Riga,
Lithuania,Vilnius,
Luxembourg,Luxembourg,
Malta,Malta,
Netherlands,Amsterdam,
Poland,Warsaw,
Portugal,Lisbon,
Romania,BVB|Bucharest|RASDAQ,
Slovakia,Bratislava,
Slovenia,Ljubljana,
Spain,Madrid|Barcelona|Bilbao|Valencia|Spain|SIBE|Continuous,
Sweden,Stockholm|First North|NGM|Nordic Growth|Spotlight|Aktietorget,
Iceland,Iceland|Reykjavik,
Liechtenstein,^$,no domestic exchange
Norway,Oslo,
United Kingdom,^London,excludes SEAQ International (foreign shares)
Switzerland,Six Swiss|Swiss|SWX|Zurich|Berne|Basel|Geneva|virt-x,
